date,BBL_ret,KBANK_ret,KKP_ret,KTB_ret,SCB_ret,TISCO_ret,TTB_ret,XLF_ret,EUFN_ret,USDTHB_ret,SET_ret
2022-05-13,-0.023716570354683695,-0.03460556534112032,-0.014337165703427126,-0.013698890639131999,-0.05431207761332144,-0.011142201436171213,-0.0398459401582419,-0.03545137285641505,0.01066982063724433,0.012487298966363462,-0.02812911924464899
2022-05-20,0.01192851923327999,0.01745256880900293,0.014337165703427163,0.02721257310779537,0.03653383494546869,0.0027970654775788615,0.008097216758770101,-0.018360133658486988,0.01927076198193995,-0.010244926741072267,0.024052284131797837
2022-05-27,0.023438761501402852,0.013745960221257203,0.007092299889781828,0.006689051360423203,-0.0044945798950732085,0.002789379728294865,0.016000232553351014,0.07742207575048662,0.06439389940986442,-0.004665135211852251,0.009688305271158463
2022-06-03,0.0,0.0,0.010544809896430415,0.0,-0.004514584339786446,0.011080587032746468,-0.016000232553350896,-0.019875729396732985,-0.02415057709378021,0.0005843474085330055,0.005428439292996119
2022-06-10,0.03788317406763213,0.02027076243441645,-0.06500484433109846,0.05195975331910871,0.009009164234859576,-0.013869966761041389,0.02390553981536239,-0.06946402745462814,-0.07451599704313214,0.009216426131039757,-0.009176112021331033
2022-06-17,0.01109070735296336,0.0033389114074005373,-0.04972340768499942,-0.012738990201722212,-0.05058548691367538,0.002789379728294865,-0.007905307262011444,-0.05043606533128562,-0.020101186894040876,0.01299614770715383,-0.04589135482378178
2022-06-24,-0.022305729142719763,-0.013422865136226661,-0.01581068843138149,-0.012903447418951995,-0.019048395152359347,-0.002789379728294847,-0.02409744931212096,0.04989469893384602,0.026918695571790708,0.01356243315084626,0.005990776061035882
2022-07-01,0.007490546078090288,0.023373226013391837,0.007936709126241639,0.012903447418952139,0.0047961722634930135,-0.011235982566559805,-0.008163128993275672,-0.014326144089599473,-0.028188551103816493,-0.004519266584088068,0.0024893351957378813
2022-07-08,-0.0341586983559658,-0.05425062224662401,-0.01996078506878608,-0.04590981447780962,-0.05659561390399391,-0.022858191119465143,-0.041847267639294555,0.006254025231392697,-0.02248725076283781,0.020926537956541685,-0.009455339275584073
2022-07-15,-0.019493975660150938,-0.024692550206386603,-0.020367347079911988,-0.027212573107795342,-0.04929667523086796,0.0028860416585340847,-0.04367496183428707,-0.009395446381545696,-0.044510794713765074,0.0126446126785086,-0.015851576124706755
2022-07-22,0.03481983052761408,0.0,0.036367611993649324,0.0666914368148645,0.03141630561099463,0.01146141052181618,0.0436749618342872,0.030065510245694857,0.033403150820002676,0.006058808662863396,0.012546735022001036
2022-07-29,0.00757580773178637,0.04196418868245441,0.04272499241498548,0.02547909271349311,0.045347815129205576,0.008510738939114883,0.02531782761680449,0.02889145150754129,0.04307973703793858,-0.010036060385284776,0.015135472146051843
2022-08-05,0.011257035756716266,0.006825985362434244,0.018832914730202578,0.006269595779513572,0.01951270969521968,0.011235982566559735,-0.025317827616804508,-0.00059327567504874,0.011886200044728127,-0.015650167555451466,0.015534494384336687
2022-08-12,0.014815183064629577,0.01351375893366155,0.003724436913784139,0.012422636523638939,0.014388838496183175,0.005571231828666456,0.02531782761680449,0.05402042277499383,0.03962727213997796,-0.01746028383439467,0.013135618845387692
2022-08-19,0.0036696673180050513,0.03300626567891925,0.01841669384216586,0.0,0.0,0.027398864754680202,0.00829880914253005,-0.017016889456430047,-0.05592846685430222,0.01214190531725131,0.0022535916532807117
2022-08-26,0.010929226562932036,0.019293012802100697,0.035846209527517665,0.02439138428695739,0.05105516577094085,0.00539091701816663,0.05623970003147762,-0.03611344997170987,-0.0452566464135267,0.005039212763993953,0.01153281803254276
2022-09-02,-0.01092922656293211,-0.03236513323339218,-0.0035273058487997316,-0.01212140079415708,-0.013667637407360095,-0.005390917018166637,-0.01574849084612102,-0.024922359196639786,-0.010638363459177479,0.02640072163682302,-0.013854209594248091
2022-09-09,-0.003751107898313109,-0.01661738788998262,0.01421075638314019,0.024097486158937892,0.022676801642219805,0.0,0.0160005313648522,0.04372456178700129,0.0533631903446943,-0.009784486000017275,0.019818927373981308
2022-09-16,-0.003724460279642872,-0.006733968318588282,-0.007168542852773549,0.0,-0.06006433000580046,0.01342302333374353,0.0,-0.03856922974861209,0.0012666387270744586,0.014451479598315484,-0.014745973802872037
2022-09-23,0.04736785915784629,0.023373067684764548,0.02135314561789388,0.0059347196486596275,0.03278981956350452,0.007968215483176005,0.007905153608287151,-0.057478628888120845,-0.08586110711276637,0.011573277320400487,0.0008031222734546278
2022-09-30,-0.02888301345474204,-0.05077211247913389,-0.03220310196447822,-0.011904797647281414,-0.04235937162373868,-0.018692203692304524,-0.048396628143428315,-0.02247288252541455,-0.04154077947751276,0.013079742776143113,-0.02620272195476132
2022-10-07,0.010929182232199103,-0.006968670721382069,0.0,0.011904797647281267,0.009569552060234151,0.01338719483049928,0.008230720157926039,0.017306552201149253,0.012147478654645745,-0.014204266121309116,-0.006216143133129955
2022-10-14,-0.0036298273851943803,0.006968670721382044,-0.003643089187015814,-0.011904797647281414,-0.004632570994608166,-0.0026632066213707873,-0.008230720157926086,0.003877182580610487,-0.0042705159975125785,0.01836865753029015,-0.01202394057240497
2022-10-21,0.03220326952789681,0.01379325881734435,0.04635411134659905,0.029500725451567185,0.02871017579250298,0.01849454309672396,0.0640217786294729,0.03734619342513648,0.061547137601384645,0.0047231864844078045,0.019378111669168124
2022-10-28,0.013986211285359137,-0.02426459464523634,0.003478223037470632,0.011560649860629902,-0.004728036945845761,-0.0026212123045716122,0.045462571379469255,0.060277328650992855,0.032335363230162076,-0.010790993996659733,0.009226340939748244
2022-11-04,0.010362637720249545,0.0412430330620099,0.013793425556688813,0.005730729103410402,0.014117767155099851,0.018206033238126983,0.01470620931681605,-0.008223353420348526,0.025009304284756635,0.00585738505754327,0.012529593021938281
2022-11-11,0.0,-0.0033726524397487473,-0.006872930643301504,0.01136372798227204,-0.004683844265938071,0.005141250878224476,-0.007326181638926712,0.056191477630469486,0.07089122887198286,-0.04994839534147206,0.006722699181868002
2022-11-18,-0.020834044173767278,-0.03436771551575137,-0.031526286523980776,-0.017094457085682403,-0.00943392288916174,-0.010309286663159988,0.0,-0.014037309677353836,0.004708510900893993,-0.008888938939973515,-0.012234900789303069
2022-11-25,0.013937606890398335,0.003490372035449518,0.0,0.011428873191797619,0.0,0.005168035784935476,0.014598862053439951,0.020705890371982914,0.0237901185032255,-0.0016755484005442016,0.0021369531937187464
2022-12-02,-0.006944650150918973,-0.006993037141959558,0.0,0.0,-0.004750696674959228,0.0025739830242046706,0.0,-0.004997205483869208,0.010268053775057852,-0.028059028483990823,0.01274514136460224
2022-12-09,-0.0069929567394793005,0.003502665106509964,0.0,0.0,-0.019231442171698015,0.010230185434163234,-0.01459886205344,-0.03974419520276137,-0.00797720785026352,-0.0017261619043280896,-0.011333266739625213
2022-12-16,0.006992956739479374,0.003490372035449518,0.017637137379371507,0.0,0.004842619571765767,0.005076217688575877,0.0,-0.02433072183519182,-0.01610811735487138,0.010141322075675734,-0.0025415295553479146
2022-12-23,0.013841087434287937,0.0034782986859325025,0.03436776688417729,0.01690162717808624,0.014388822599932209,0.00252832068209829,0.007326181638926787,0.013642235082677603,0.02593043870857425,-0.007266038701914472,-0.0009021683578195027
2022-12-30,0.017036277577428646,0.02401491367029651,-0.003384123108011335,-0.011236043284201391,0.018868463830059138,0.0025221542043425854,0.028778762489393397,0.007336486310774233,-0.0028479256125042494,-0.007203603742696086,0.031108240608345772
2023-01-06,0.059033527612563544,0.03660965692198973,0.023451576265325413,0.0333364653866123,0.05455892717598995,0.007528309956320365,0.027973972929075462,0.03392112919608588,0.060859362817531855,-0.015739202605600505,0.0031113981884703826
2023-01-13,-0.0031896706716336943,0.01298713654912786,-0.023451576265325427,-0.03333646538661226,-0.013363307894001114,0.03440135328137515,-0.02797397292907554,0.020700097564013278,0.03584998320194563,-0.027942591127363112,0.004690686065540063
2023-01-20,-0.03247055473380828,-0.07014553184639812,-0.03448609640529748,-0.03448615313566695,-0.027274391991202438,-0.00970873561207196,0.0,-0.021548431723814876,0.00516516773352958,-0.006729136800207725,-0.0026674664042030363
2023-01-27,0.07009246378688432,0.02054873837528058,-0.01413468475023983,0.04572219641986832,0.0,0.0048661502031591974,0.027973972929075462,0.025141095876973024,0.01989348279592517,-0.003046066596817768,0.0024117852837719964
2023-02-03,-0.006172845744579394,-0.024014913670296525,-0.028882881487993877,-0.016901627178086184,-0.03278969112084556,-0.014670172817211282,0.0,0.00933564408447032,-0.002022009271124749,0.008203007136876639,0.004190302156335355
2023-02-10,0.015361139518358737,-0.006968670721382069,-0.007352886658741256,-0.022989523052427376,-0.0438026776501494,0.009804022614052202,-0.03509136435400452,-0.0027369237492454518,-0.005073793252531183,0.015313379306181823,-0.014190835348380627
2023-02-17,-0.02157244107859722,-0.035590952434643,-0.018622506172953912,-0.029500725451567095,-0.012515689479987893,-0.014742264136945328,-0.02898755270339121,-0.002744324489525953,0.015144226670832523,0.024721686216820724,-0.0077798756707173145
2023-02-24,0.021572441078597217,-0.0182820131126026,0.003752377500772503,0.029500725451567185,0.022416750212604752,0.009852216600941797,0.028987552703391168,-0.020264147684604147,-0.023828685891402007,0.009028891630491179,-0.010743675664001766
2023-03-03,-0.030962277982204085,0.029093035190947924,0.0,0.0057969605180268795,0.029128243349783336,0.0,-0.007168412036209837,0.009211246138581935,0.03230962962996019,0.003106425208873243,-0.01674883451628462
2023-03-10,-0.006309156703483001,-0.02540975365748513,0.003738277343606168,-0.01749303860013156,-0.019324355311704833,-0.009852216600941816,-0.0072202786137413,-0.08885690120188813,-0.05882538828714576,0.005156135913752771,-0.0045095431229911906
2023-03-17,-0.028894407781874368,-0.029853113598228082,-0.04580958243890607,-0.011834569370840878,-0.00980388803807838,-0.004962852425358437,-0.021978889731329325,-0.06104227364636568,-0.08806572473116417,-0.016419775275322318,-0.022749220057064694
2023-03-24,-0.0032626992716297556,-0.0037949620506659326,0.015504302041285705,0.0059347196486596275,0.009803888038078443,0.0,0.01470620931681605,0.005273683547456559,0.025562492918096105,-0.011685833572659579,0.017861196019137524
2023-03-31,-0.009852215821472419,0.007575795192473811,-0.027292193347011242,-0.023953176383609803,0.0,0.0,0.03584596057264064,0.036747985479100506,0.04764100736636947,0.002494766826211858,0.010821698884477733
2023-04-07,0.009852215821472271,-0.019048235570277725,0.0,0.006042371370169207,0.009708906279521876,0.004962852425358439,0.013986302409206891,-0.004989231810827545,0.0258657084879914,0.00014647185116741773,-0.020149884408154548
2023-04-14,0.025808009583969716,0.04512051602669785,0.011787891305725533,0.035506732817726434,0.019139519274891333,0.004938241522892997,0.00906553078899138,0.02744126599799121,0.030787474698296718,-0.0034937715263510206,0.009843219734467027
2023-04-21,0.03490700892408662,-0.030653751578076496,0.019343032287582974,0.09673225383512314,0.026463495667042657,-0.0201128078323368,0.06230405038635505,0.010287781173114302,0.0,0.008755412136301361,-0.02177790392576909
2023-04-28,-0.01579817689423742,-0.027615082783133973,-0.0595888960848461,-0.011049833329774293,0.00484250510882287,-0.016483861598821425,-0.027212601831221372,-0.0015065783790818722,-0.0010111194078867257,-0.006258632100655679,-0.018941573483170923
2023-05-05,0.00950900699657915,0.0158732793028176,0.004158071737149451,0.016529233762414334,0.0,0.011019236082349209,0.02047848668913937,-0.025650224202498444,-0.004562500643816997,-0.009017824585311966,0.0027299039628124492
2023-05-12,0.021841529295003482,0.06478452273313769,0.03265590519044397,0.021622522470472843,0.01913943945039912,0.010899342933922104,0.006734115142081905,-0.013389461381981096,-0.019497849866670643,5.928528039126315e-05,0.018128508705613878
2023-05-19,-0.012422431975439591,-0.022388967674744978,-0.008064526563312004,0.0,-0.02398194455922189,0.03462392641561313,0.013333308873387385,0.021706152489858813,0.015424421605170845,0.018419054851798844,-0.030207977276732148
2023-05-26,0.018576143258620434,0.0,0.02004074388179761,0.02116480595145082,-0.009756225097590835,0.007822763290884637,0.04531529054159319,-0.015144680114724056,-0.017499104535293894,0.009227860052416353,0.010473743294445595
2023-06-02,0.00611640584469495,-0.007575832102963387,0.015748366367091406,0.020726125491523004,0.03373816965681269,0.002594047583692219,0.05539875242651538,0.021260828497788115,0.009302363128232034,-0.0042995422209933885,0.00023512779910110653
2023-06-09,-0.00611640584469502,0.0075758321029633,-0.03174864101129432,0.0,0.018779805240584937,0.0025873359074795035,-0.006005924023621778,0.01061438296662834,-1.3577018976116526e-05,0.000664868821528943,0.015494563431806007
2023-06-16,-0.012345750262556592,-0.015209423826704994,-0.016260529639495994,-0.015504243716820236,-0.00934581813250101,-0.002587335907479449,-0.024391578384895196,0.012887759617941828,0.02167703760371199,-0.0006648688215290276,0.002748455284093961
2023-06-23,0.00927373956528745,-0.0038387956952067315,-0.01237131822523059,0.010362724848826324,0.004683919977266049,-0.005194841755013481,-0.018692002800480164,-0.020855923469599254,-0.03242386141598244,0.01506802422296315,-0.03515636209610328
2023-06-30,-0.018634059983256745,-0.003853588853746006,-0.008333346688428571,0.0,-0.0046839199772658975,0.010362935533574459,-0.02547921609089101,0.029196884835704835,0.035556956008442935,0.014563690445754906,-0.0016087405329833148
2023-07-07,-0.02218792989402074,0.0,-0.016878046896293582,-0.01036272484882632,0.018605191702584897,-0.005168093778560914,-0.006472501123637852,-0.003566105873258915,-0.022141229828420327,-0.012429499891017163,-0.008411276091217846
2023-07-14,0.012738936150325389,0.022901808375657813,0.021053321847572606,0.020619283472301842,0.0,0.007742010990827244,0.01290337824351229,0.019458228750243178,0.04889174928755973,-0.01807021985261263,0.018222655790084537
2023-07-21,0.040315646210105735,-0.02677037769287733,0.008298925482667117,0.030153090766111244,0.01826535170869704,0.00512824061101727,0.08004280790640811,0.029062479675036924,0.0176103996389738,-0.010474364646738317,0.00743641352710095
2023-07-28,0.03288790342914021,-0.03149845666833312,-0.08176601930177563,0.00985229417187199,0.004514748438637521,0.017744335212030532,0.0,-0.0017030284003506887,0.004975210255107287,0.007691895909241517,0.009126135386160911
2023-08-04,-0.01183458825513594,-0.024292891614576824,-0.00900911800226321,-0.019802622708477647,-0.0045147484386375255,-0.005037818401495494,0.0,-0.008272858118494457,-0.028185042677925494,0.0030719242782859565,-0.008335236238190283
2023-08-11,0.03221355444388008,0.04800931427027781,0.022372290546398832,0.004987423942608072,0.02237228023858206,0.0025221784035621723,0.03488718535996436,0.00028643682999412166,0.004075462049181638,0.016073754681327504,0.0030663141108754626
2023-08-18,-0.014513888470436782,0.003898660127433067,0.026202511166949556,-0.03030522592759533,0.004414997280466163,0.002515639997933195,0.011363735212949654,-0.02728775642088806,-0.03676318072918549,0.009888387098755901,-0.010503415778596505
2023-08-25,-0.02068021914580374,0.026872938469044944,0.033901410108023076,-0.010309427786821214,0.030371126324423313,0.024815193247546257,-0.005665560889865045,0.0002943924821925058,-0.0026405962603080445,-0.013596771102872024,0.026682770255220735
2023-09-01,0.00891546152829166,-0.019120995266626244,-0.004175274951279017,0.0051679089188273,0.008510733593105328,0.0,-0.034685564781748224,0.02038515900210607,0.015219339485666762,0.0003428169767543338,0.0008393211970681762
2023-09-08,-0.0028552174076133243,0.0,-0.017152149246084776,-0.005167908918827198,-0.017094436264471196,-0.002404453991292068,0.017493118939636346,-0.011306130929596668,-0.025317846003286435,0.017838938332296567,-0.009225824006058637
2023-09-15,0.011940485648422615,0.011606312000058785,-0.013129112370587403,-0.01566605230138418,0.004395607714154235,0.00749052946618961,-0.011628097382370075,0.015333789262266882,0.03206601885467152,0.004144934305113725,-0.0033277348633114325
2023-09-22,-0.014947964314154273,-0.035091289069232826,-0.03587837908569967,-0.010582168937271376,-0.09662693709177868,-0.007490529466189755,-0.011764816458566854,-0.029708918366197178,-0.013542078266409035,0.009457655013827488,-0.012686939496806214
2023-09-29,0.008995543283760577,0.0,0.009091016161359095,0.010582168937271326,-0.009708711891798628,-0.010075681375608462,0.01759580884331595,-0.014664225409794902,-0.008425434070642725,0.012272199673336577,-0.03417805615076479
2023-10-06,0.0,0.007905123348430092,-0.036870457387742875,0.015666052301384313,-0.004889981107431527,0.0050504831295800955,-0.011696013942015361,-0.003926998250689468,0.0015851712139648183,0.010040749511168252,-0.022668642524634998
2023-10-13,0.011869620296056673,0.003929250390892147,0.0139861367407501,0.015424467542302728,0.019417975820448206,0.007528218048365888,0.035718057129367244,0.005132250800599746,-0.010615972597348025,-0.014618394213975896,0.00851455305708105
2023-10-20,-0.01485911693189778,0.011695957806845481,-0.047402206376680994,-0.02061928347230177,-0.04172371397491548,-0.03562704302303561,0.011628002743864075,-0.030884665962297473,-0.024852497015811152,-0.001237012238741872,-0.036072838442354455
2023-10-27,-0.05223902511592253,0.022989501732535594,-0.04976147372300878,-0.010471236371385247,0.0025032252963940508,-0.002594116004857104,-0.0293276092760214,-0.023567548950717727,-0.021565752745155507,-0.0036927555515472036,-0.007978285306646129
2023-11-03,0.0218415426411678,0.011299617405297556,0.02020261835221315,0.005249354596682164,0.0,0.007762052473073712,-0.011976154663573579,0.07146994138138349,0.05014684786475074,-0.007232095801408002,0.022458309782955516
2023-11-10,-0.031350535511426796,-0.015094519576885028,-0.02531774377201407,-0.015831523533953572,-0.025317882809204207,-0.007762052473073753,-0.04308362885027297,0.0038410780844821157,0.002654615805635241,-0.005409645861582977,-0.02149354201020191
2023-11-17,-0.0356601397816695,0.011342266702131534,0.04020633753279022,-0.021506201162693212,0.015267458526258007,0.010336039753044021,-0.01265835848377088,0.031923824221420184,0.05216783025652712,-0.016065726105639666,0.018686328549915567
2023-11-24,0.0,-0.007547364530544099,-0.014888593760776088,-0.016438787815120953,0.002522165212712874,0.015306418096902604,-0.006389868871500258,0.010512931691499399,0.011508767219493456,0.0022420809450773294,-0.013045762879577314
2023-12-01,-0.009950487323475022,-0.01912097956614594,-0.046043878771663105,0.005509783657203948,0.005025033773839332,-0.015306418096902598,-0.006430871097480602,0.022083326439783772,0.01579491155727952,-0.0004820090958957841,-0.012326719709962708
2023-12-08,-0.0033387347239196463,-0.0194937303641273,0.010416715065200942,0.0,-0.005025033773839415,0.005128086889651141,0.006430871097480479,-0.0011065104000953646,0.009746706315314498,-0.004178082673956863,0.0004924721271456757
2023-12-15,0.01658395362711686,0.027186165720802628,0.025576965574234306,0.01634907059623612,0.017478387673867665,0.002554359648445817,0.012738988042168902,0.033209331101962856,0.006284704264073567,-0.006572377900973187,0.0072438747879925896
2023-12-22,-0.009917415932347465,0.007633642037882961,0.0,-0.010869670163595841,0.029270360074887286,-0.0025543596484457983,0.006309239313102331,0.004670699544340898,0.02156407378593057,-0.005606273232859236,0.010056832360183468
2023-12-29,0.03909295959292578,0.026267811604850946,0.015037671810394072,0.005449603725276769,0.019048272619201962,0.020254012582859797,0.049089465838667135,0.006939038789621865,0.003824264770294654,-0.011453563256116938,0.007628706865498794
2024-01-05,-0.006410187935806285,0.0073801934632391954,0.004962997679085348,0.0161729187451961,0.0047058871599584134,0.002503019802337594,0.0,0.00398144519032493,-0.005741740324367078,0.005786593430586712,0.00851678475160145
2024-01-12,-0.03601057462796937,-0.02607240628224858,-0.025064089863778033,-0.016172918745196017,-0.01418453060843437,0.009950267474111823,-0.0242434547458552,-0.003981445190324831,-0.011097803254278919,0.014336163360272436,-0.010156682400536073
2024-01-19,-0.03735556265138781,-0.05427679903614316,-0.025708387607612085,-0.016438787815120953,0.0,-0.032707299859309306,0.036148573459208556,0.008738203109448634,-0.012204306728073875,0.01540082571073447,-0.02218944783965419
2024-01-26,-0.03163720234296667,-0.028284666150371784,0.02061938776192559,-0.11709257756101528,0.004750598368058798,0.0076433964865509725,0.05188475854053708,0.018804555357233056,0.015595019199371861,0.005613283547607088,-0.01044121456822084
2024-02-02,0.0,-0.004106829947815515,0.010152420219985244,0.0,-0.004750598368058944,0.012610616096308891,0.005602238741458717,0.00850202192024447,-0.009230139760698695,-0.012164344602933086,0.011576147085851047
2024-02-09,0.007117431062906142,-0.016597852403059696,0.005037724823289383,-0.006230548388216798,-0.01923134393946626,-0.010075681375608462,0.011111192367793005,0.00256197715074399,-0.009316129554697773,0.014959267800176057,0.003094766406659128
2024-02-16,-0.007117431062906205,0.004175264027180904,-0.02030527046307546,-0.018928005694127,0.004842431947521973,0.002528429983881646,0.03261156602002426,0.013975583342301003,0.016610022859338193,0.005843875722410654,-0.0015136925697154197
2024-02-23,0.01769964323690278,0.03278997632246049,0.025317743772014043,0.037504315459152185,0.08338172171864656,0.010050271194064328,0.005333405301676347,0.01676502112777034,0.01966964592209616,-0.0030568485241785665,0.0085260912567276
2024-03-01,-0.003514955148641671,-0.004040532401780743,0.03922081303904203,-0.006153720260659337,-0.008928710229470798,0.0,-0.016086165304341583,-0.0002478312451447073,0.012275892328261786,-0.0027870271982321157,-0.022217007510173775
2024-03-08,0.0,0.0,0.03774024870843453,-0.012422589504365734,0.017778317888448813,0.014888610638843525,0.005390984193888254,0.008156964807248467,0.025939530685940487,-0.009478247110691092,0.013799132037233262
2024-03-15,-0.028573415354112956,0.012072722217013674,-0.01869213787331951,0.006230548388216806,0.013129280263199136,-0.009901100974991372,-0.01081095892825472,0.004176521343177669,0.018573602101810888,0.007522568058196775,-0.0002741283003648113
2024-03-22,0.010810892406004411,-0.01207272221701367,-0.028710068503361438,0.0,0.0,-0.004987509663852099,0.016172734737031617,0.019084898586673494,0.010714185681170134,0.014739883368457033,-0.0036139217519378214
2024-03-29,-0.0035906173846656157,0.004040532401780863,0.02398190408439943,0.05439412934083604,-0.008733672549044799,-0.005012509656286109,-0.027101849034450173,0.016758622133518176,0.009721756052650903,0.001899499358846354,-0.002247279054497182
2024-04-05,-0.010850121800672083,0.0,-0.023981904084399312,-0.02381071253463183,-0.013245215373132222,-0.005037761537778315,-0.03352266916136478,-0.013143804048240844,0.000879230690495555,0.008707872452876882,-0.001714159343180396
2024-04-12,0.049655776388151676,0.019960676320950325,0.028710068503361347,0.029675693551104717,0.02631728585909999,0.010050271194064328,0.03900211842434625,-0.037000390710586084,-0.03897487922357725,-0.007306251033426984,0.015007748685934755
2024-04-19,-0.006944560142460457,0.0,0.0,-0.0019732693041926513,0.07029247297471936,0.0,-0.008486655006417536,0.007956219465766638,0.0027373730958720993,0.010518275080327261,-0.04714157971452769
2024-04-26,-0.01783408962414966,0.06816262619078363,0.009548663894383828,0.01834906513462929,-0.08112560562367808,0.02389891496707199,0.016901816009127664,0.010837688125034422,0.02296871565039513,0.0057179005193507305,0.02069894065741965
2024-05-03,-0.003683261807874661,0.015384861324361433,0.0,0.018018500695398842,-0.0047058709582062045,0.0025873223774386714,-0.0169018160091278,-0.0066365990831799854,0.007982439911284441,-0.005609258671917726,0.0073118380110390145
2024-05-10,0.025502342986347563,0.01890416866072362,0.019139234646461934,0.0,0.0186920538108359,0.00515464823195648,0.0,0.031078235495741093,0.03898276384283641,-0.00272104859376934,0.0014442820925978045
2024-05-17,0.0,0.003738457940996061,0.0,0.011834454536410383,-0.013986182852629762,0.010230173333043793,-0.005698022889814641,0.01565484923979961,0.02475465820868606,-0.013993976220113618,0.007827025553962776
2024-05-24,0.0035906839312073984,0.0,-0.028848125718999536,0.0,0.004683914158879117,0.0,-0.0057306765045663415,-0.02092822861755132,-0.004985375525322926,0.012139374892757376,-0.013250294338630605
2024-05-31,-0.0035906839312073767,-0.011257295900157591,0.0,0.0,-0.0046839141588790375,-0.0025477711576117872,-0.011560746584746784,0.0007207238851823137,0.007882178687040577,0.001336728652674695,-0.01388876494464401
2024-06-07,-0.04037250761275368,-0.034552337868264976,-0.024692632281252878,0.04035141066820786,-0.014184660532707671,-0.010256404995287887,-0.03550669707415232,-0.0038499719876983344,-0.010384217771274473,-0.007827488026509958,-0.009647658334055523
2024-06-14,0.01117328623208257,0.015504265845406673,-0.040821953406424576,0.0,0.009478789574501389,-0.005167967789539326,0.011976112625245963,-0.020212348053667603,-0.05315914885750527,0.009679614204187018,-0.01983919208752858
2024-06-21,-0.022472826793472376,-0.0392207378463825,-0.010471383471976512,-0.04035141066820778,0.0,-0.0025940339833654706,0.0,0.016589767405168307,0.016253331276238313,-0.0008711920496058026,-0.00011483056361210373
2024-06-28,-0.011428614659989848,0.00399195277596595,-0.021277378141023963,0.0058651179243876025,-0.028710069342175435,-0.00782290781446487,0.017699662743900512,-0.0013856867504378632,0.0013425482128716366,0.002801330214161056,-0.004180519979791284
2024-07-05,0.04128158165566036,0.03137514451413991,0.010695374284226355,0.028820431155896286,0.02398194841575982,0.005222127314305679,0.03448610697492946,0.010405388145081983,0.026044269721074598,-0.005173561566318513,0.008442637646776207
2024-07-12,-0.003683261807874661,0.003853640556276713,-0.016086169217276743,-0.005698019672453959,0.009433991884621731,0.0,0.0056338194536539815,0.02001987221263811,0.015993378976323656,-0.016543454858986922,0.015166569924393141
2024-07-19,-0.02238896557066881,-0.01941809796156277,-0.12048954035303108,-0.023122411483442334,-0.04808615563289991,-0.023716610139833463,-0.005633819453654073,0.01102904285620678,-0.01121183158829731,0.003076117184239098,-0.011248900587818352
2024-07-26,0.02607222737854343,0.003913832116156003,-0.05001026069142999,0.04012004596067761,0.014670215332518244,-0.005347604297435338,-0.04035122783794281,0.012984092296208082,0.010782934053735595,0.0019350302181734343,-0.007567665284040975
2024-08-02,0.0036697451604553485,0.03831895753625911,0.0,0.0,-0.004866345526566538,-0.013495476305489452,-0.005899723554497194,-0.03159263611653812,-0.05602342397067192,-0.017748323022220083,0.004480424016242784
2024-08-09,-0.044951326816115744,-0.026668332247128914,-0.032576314379674925,0.0,-0.004889876022279898,-0.016438719951388493,-0.011904905412216678,0.008051300374565992,0.0067827685716671995,-0.008837846104355349,-0.012267655996915802
2024-08-16,0.0,0.030420550538296523,0.05162454623835391,0.01671347580358012,0.01459882518689958,0.00825313853456711,0.04679209462404635,0.03180007417352246,0.0470933143870222,-0.006144751138144876,0.004561464972585185
2024-08-23,0.08796883768700228,0.036768938693984406,0.11848148385276058,0.03794486107393532,0.05177621929233183,0.0376388371376896,0.03922080027350011,0.014966483718816504,0.035476847489223924,-0.015934902614937366,0.03903620702302081
2024-08-30,-0.010582277492855447,0.03546466986610355,0.027550072149220856,-0.026955803532990635,-0.018518968471124417,0.007884307707584453,0.01634906776948035,0.029058265110436972,0.0020724003381357614,-0.017549508004889452,0.003095097618504664
2024-09-06,0.07948922487448105,0.020690468121213335,0.08047226677647858,0.09878163167757872,0.07784243935544821,0.0359937719822469,0.05775885073878733,-0.03221428568850189,-0.02898759023189752,-0.009159498603898072,0.049222138770660256
2024-09-13,0.054941130830873645,0.08209314199594002,0.06486073242387802,0.014742331080015795,-0.01330397647525365,0.0051414587692356585,0.030153046456520158,0.004954948614773556,0.02608481776608874,-0.0058837595391280275,-0.002279079373904383
2024-09-20,0.0,0.0,-0.019512975376080974,0.0,-0.004474310675458605,0.0,-0.050772339470846875,0.025508740837184404,0.02014456930140533,-0.008241339472940534,0.018984692442509426
2024-09-27,-0.03195152266978855,-0.022472975636788056,-0.004938236524624399,0.009708703170404532,-0.004494339983601595,-0.005141458769235591,0.010362789971298858,-0.007612220766221225,0.014144485680764974,-0.022726846011586234,-0.0010613384300150928
2024-10-04,-0.019672874628493386,-0.019672722306068105,-0.03526816808098001,0.0,-0.013605744291891321,-0.005167939984836713,-0.0051679716187131,0.01101337245077832,-0.02642959653114329,0.022726846011586213,-0.004076860514246114
2024-10-11,0.02291423946504973,0.009884795281100252,0.0645386218283314,0.04255965465363353,0.004555847560735873,0.0025873084391642045,0.002677351070021054,0.01866368419180868,0.004522160659540392,0.009648235940153916,0.017740253401469553
2024-10-18,-0.0032413648365564487,-0.006579189351186164,0.009569363111519047,-0.004640429772074536,0.0,0.007722090314908219,-0.021622390677575716,0.02358546970610354,0.012635197119126557,-0.008621870773274467,0.013324862158011626
2024-10-25,-0.033006442556597536,-0.033559946024245134,0.03738759688204164,-0.028303768748932916,0.03132252386546935,-0.005141458769235591,-0.027702617552556683,-0.021008594342560177,-0.02876135154823894,0.015804922591434966,-0.017879079031795246
2024-11-01,-0.020339566907217874,-0.0068493261024915675,0.0045766249868086275,-0.009615456132626078,-0.008849596114497229,-0.0025806315456725747,0.0,0.0002144052992525481,0.006647307784353731,0.004178678053668707,0.0005123668231489478
2024-11-08,0.01697823843028952,0.02040888450563425,-0.03248548183458166,0.014388786500282125,0.02197889812216627,-0.007782185354007845,0.005602199583912707,0.05323165403946781,-0.01417870740867127,0.004926766967030989,0.00035501694788989336
2024-11-15,0.0,-0.0067568266100079925,-0.0433803203685147,-0.024097489670686655,-0.004357257055263367,0.0026007666516363174,-0.022599830652259786,0.013729344986289862,-0.007588552316584091,0.028775642036936187,-0.01517573593670879
2024-11-22,0.006711510084200063,0.013468127545071372,0.024332217222726923,0.0,0.0,0.005181418702371487,0.028170893739409793,0.017097862129197054,-0.00807318739742863,-0.007231819858511224,0.002540764817011945
2024-11-29,0.0,0.0066667941906993836,-0.039220780280453824,-0.024692658634723988,0.0,-0.0025873084391641967,-0.022472854184317003,0.011952733113557639,0.018597380619021657,-0.00925931621435231,-0.013055894323550829
2024-12-06,0.016584032542222387,0.035892898987857184,0.029558874256617722,0.034401361805128566,0.030109773483558665,0.0025873084391642045,0.03900220906581091,-0.01847891565776897,0.024815227792629478,-0.009639386020738225,0.016961630375774472
2024-12-13,-0.013245264065736232,0.01273899711485933,0.009661906023836101,0.02857336488821806,0.004228289340906309,0.007722090314908219,0.010869635172701212,-0.017210858504340204,-0.006146400996665962,-0.00441246577342264,-0.014072715161242538
2024-12-20,-0.0033387684764860123,-0.03543041425619055,-0.04423327605947975,-0.04317221480014953,-0.01702165083290261,0.002560716911223917,-0.027398990054194963,-0.021010391539457413,-0.03260236573538989,0.01927077626427062,-0.04763595572257635
2024-12-27,0.006666652788240654,0.022691417141331136,0.04902940416035993,0.03373829029656599,0.004282614466659925,0.007643393539417161,0.021978905123544477,0.009190698482713464,0.010768998443658289,-0.013391841887595375,0.026308852466928427
2025-01-03,0.0132014362361405,-0.009661946085998125,0.0,0.01877978449692446,0.008510747025336298,-0.0025413710642988975,0.00542008493065057,-0.0032873115241754724,-0.0025739043793347838,0.007591339703816021,-0.0119876760162531
2025-01-10,-0.0032840564821589907,0.031849866739963546,0.014251975044907612,0.009259425381123058,0.008438850270475425,0.00507621192558492,-0.027398990054194963,-0.026484827529963874,0.004713804646381066,0.003861047780978835,-0.01218434438389249
2025-01-17,-0.009917379753981617,0.009360476460838566,-0.02386734499243374,0.018265341493676788,0.020790761669117048,0.0,0.011049944241560763,0.05967944606472401,0.0389905986605083,0.0007240362268103787,-0.020202845720256532
2025-01-24,0.0132014362361405,-0.015649791046499592,0.03325716305165301,0.02237224083640933,0.012270102415400884,-0.0025348408612861284,0.02710180131750882,0.012267632860395054,0.0363381894600464,-0.016229188167464745,0.009975175784867906
2025-01-31,0.009788171924944347,0.012539320787395426,-0.028437921205007082,0.013187048912349487,0.01612934720796979,0.010101037463374115,0.05715846092911761,0.01211903559853438,0.0019806223510399515,-0.011007266966117061,-0.0296584669702659
2025-02-07,0.0,-0.0031201754799871522,0.004796128100880114,0.03854861062206129,0.007968152701575566,-0.00756619660208811,-0.015267453657345826,0.006777050989160821,0.01609460388597957,0.004749188055977086,-0.02496483300466154
2025-02-14,-0.019672874628493386,-0.041473212249986464,-0.019324178727725422,-0.04292503243837932,-0.04463216808516808,-0.007623880659312751,-0.005141347825567369,-0.000385990964169754,0.031809512572860535,-0.0032626637233627957,-0.00782247319504585
2025-02-21,0.02936594734402318,0.035203613121514106,0.10633555571735542,0.05129318723582,0.04463216808516797,0.01519007726140091,0.010256397344778359,-0.02047842213051802,0.004891764573030817,-0.0035714005378047592,-0.020562144843182546
2025-02-28,-0.026060065860298322,-0.04831875873975755,-0.03571814523269746,-0.0645383607346817,-0.03226086569109055,-0.012642408527673078,-0.020619285798769583,0.02778763901677152,0.029588048747936847,0.015091226497432091,-0.03469017678226496
2025-03-07,-0.016639449411829103,-0.02337318360148191,0.009049831946399111,0.0,-0.0041067366338557645,-0.015384829701250312,-0.01047126438390321,-0.0604330551157642,0.055983474910934014,-0.010361807921036493,-0.0014049187855901886
2025-03-14,-0.023770198926840156,0.006734195168447198,0.022272742279443064,0.047731339663862685,0.016326930347333762,0.017926200765549266,0.005249303474302838,-0.012290202829717527,-0.006915766556877678,-0.0005640038328750674,-0.023799539051249798
2025-03-21,0.03710376685494434,0.0959200127388194,0.013129171098878805,0.01680702107081909,0.012072519276036961,0.02506391057246943,0.01558484936359173,0.019188109426645564,0.0006937896246749239,0.0011869708996496975,0.010888210376056489
2025-03-28,-0.00664461784434634,0.0,-0.013129171098878784,0.020619419402921172,0.0039920482101459785,-0.009950273203561438,0.025446545229209985,-0.0014418204451235486,0.0003466434868182358,0.0026654880028740943,-0.009449478439909469
2025-04-04,-0.06899277020144076,-0.027822497159301983,-0.022272742279443078,-0.07630816790452448,-0.024194748264407893,-0.025317747819549003,-0.030614600053073524,-0.10737195886899518,-0.11912707327911277,0.012345781831233681,-0.04368136127469786
2025-04-11,-0.003577800655146685,-0.054764133076396784,-0.03670127059920443,-0.004415065830248085,-0.008196749569108912,0.002560716911223917,-0.010416794539728333,0.05437667420764245,0.0671950833260131,-0.012050104722017788,0.003061468447015983
2025-04-18,0.03174869450276036,0.03647369335281541,0.04119577582162088,0.011568898803007042,0.017013494385737616,0.02275703090832497,-0.01052637749498876,-0.00042853712511994505,0.04112862288582396,-0.022123408939097037,0.019556527251183824
2025-04-25,-0.013986340169376242,0.036367837502425074,-0.13931367129715203,-0.023754063123612685,0.008658111153549747,0.023592118977191285,-0.029024998690145624,0.028944594764664683,0.041858547338999,0.009327510168283976,0.006969918472161723
2025-05-02,0.029093028588052624,0.031951409666846904,0.03045919399007029,0.042359366898728566,0.021322677314583195,0.010309473253982154,0.03333648159731054,0.035593848527175065,0.017982556723217694,0.0035874159845917845,0.03391361469161275
2025-05-09,0.017762489536929403,0.0340064470621496,-0.021391192339839906,0.0317486834158785,0.00421055631514424,0.00511506809231552,0.03226085227741579,0.00200764880585748,0.015392506416752286,-0.013519717728452726,0.009925690077401912
2025-05-16,0.0,0.00926369843728504,-0.010869628391587536,-0.02715101703177113,0.00836829663364635,0.0,0.015748319068816026,0.03410881123976104,0.015799095953920178,0.0036231600276503315,-0.012606523450374727
2025-05-23,0.041385115724210934,0.003053474082587303,0.03226082073142741,0.04045504166224264,0.016529257839515345,-0.00255434735247963,0.01036280618056568,-0.030305378373939703,0.010501274346598932,-0.009995595479152913,-0.01636543304909901
2025-05-30,-0.04491248573766901,-0.06291385283637406,-0.03774035483371713,-0.022272703767209176,-0.029108110788306083,-0.002560720739835751,-0.01036280618056562,0.01801855387435099,0.005996551184815592,-0.009788995520925747,-0.023376221328179285
2025-06-06,-0.007092287930270851,0.006472485487345708,0.0,0.008968679136737618,-0.012739027568931933,0.0,0.01036280618056568,0.006259769805044837,0.015300870646559946,0.0018427945717144343,-0.011156874231441205
2025-06-13,-0.017953721129053312,-0.016260501684835598,0.016349162493877183,-0.018018429925629614,0.008510737643722408,0.00511506809231552,0.015345597663317043,-0.02607813031850975,-0.025421217684440837,-0.00770063866431546,-0.012155362076633354
2025-06-20,-0.007272820306105264,-0.006578941474275466,-0.03296997690275298,-0.03704130717145697,-0.012793352664452393,-0.007682531408490017,-0.041456722912698744,0.00797459942059813,-0.007564910632767524,0.011070242367488211,-0.05029521185183317
2025-06-27,0.025226541435158522,0.016366957671765374,0.005571022526226196,0.01405171895499011,0.008547037897171025,0.005128184056010421,0.0,0.034313095020343014,0.03774030857062107,-0.0052123982748870715,0.013758072621299655
2025-07-04,0.01061965794372885,0.012903452889667792,0.04879014671636666,0.009259334726218047,0.01268516100763514,0.0025543473524797865,0.005276999653448044,0.023781287770421294,0.0056818402589606035,-0.003078773230283148,0.03407574436441102
2025-07-11,0.013986245151004544,0.009569355366283313,-0.005305030877538902,-0.004618902594880181,-0.00843884624035374,0.0025477559159004974,-0.010582129294526095,-0.01955452437712305,0.0006293204252846208,0.00492156780199756,0.0010620494825644491
2025-07-18,-0.01047127375505716,0.015748442046179603,0.02105341102553018,-0.018692151086327973,0.008438846240353777,-0.005102103268380208,0.005305129641078212,0.007258935409066158,0.0003144804217980994,-0.0036888738219636465,0.07345276535701291
2025-07-25,0.03448601770787685,-0.006269688213198207,0.10379678279268256,0.01405171895499011,0.04115803265620318,0.005102103268380184,0.0,0.016984668223775763,0.030962290187837093,-0.0058688181238875006,0.008722205407319947
2025-08-01,0.006756839542334965,0.0093898527978411,0.03233540246485458,0.02752470082464687,0.008032217100569082,0.005076203895993674,0.010526365364801185,-0.03892126406712473,-0.033481158390983964,0.014149817623870539,0.0009689521099774971
2025-08-08,0.04284019747473768,0.04566997995139585,0.04445180168501388,0.08663422769952231,0.039220738628438036,0.022529051878255595,0.010416780203227166,0.008716759751972902,0.060847170931028975,-0.014025859458706083,0.03289227805802314
2025-08-15,-0.00972452600643087,0.0059347087998112644,-0.013129310079900404,0.01646129317399001,0.007662852326550758,0.0,0.010309453910458575,0.011695980893597965,0.02113377255692139,0.005436770130829118,0.00027802187807984103
2025-08-22,0.01935539563969793,-0.011904947501108204,0.0,-0.02061926432968221,-0.011516443281669767,0.0,-0.015504280409670787,0.02093824045426552,0.008963480929818898,0.006142548988648726,-0.004799440253117512
2025-08-29,-0.006410227986534456,0.008941946752971825,0.04732060673444495,0.024692551609865658,-0.007751956156440126,0.0,-0.010471319415368023,0.007809651635465126,-0.03843805897375123,-0.012323062202595235,-0.01347813921133625
2025-09-05,-0.022765296299948782,0.008862793481736072,0.008368284897474982,0.026079677306511187,-6.127607130417878e-05,0.004938250480294208,0.005249365711353127,-0.01718712720492724,-0.003596072298829765,0.00030999958158301985,0.022540292565233384
2025-09-12,-0.006732688235881518,-0.0120458773526963,0.01263265063559008,0.03883987311851535,0.0039447978245451,0.00481649306885472,-0.01052636536480113,0.013661680847011538,0.023439707238679053,-0.017505960570920895,0.022530440597920386
2025-09-19,-0.010118143289651415,-0.009077190992811514,-0.01702167970596818,-0.03883987311851541,-0.007905218729199191,0.014888565020203155,-0.01063841766139256,0.008329594956869784,-0.0038195936520462165,0.005660402204314048,-0.0006959830975720117
2025-09-26,0.003384102388488299,0.009077190992811584,0.02542505302386379,-0.009950279227307146,0.007905218729199097,0.0,0.01591541731484054,-0.003928422551811752,0.004991915156104408,0.010294953752642048,-0.01087329253952753
2025-10-03,0.0033726888532285525,-0.0030165517132377693,-0.004192859599530298,0.0,0.0,0.014670221627279881,0.005249365711353127,-0.002602622373589879,0.011648471904233088,0.006804771278618782,0.011561537812707755
2025-10-10,0.006711443249381131,0.006024129095072814,0.028987540734603634,-0.008032263139539317,0.015625268149906172,0.009661880173441937,-0.0021714990171626176,-0.029469507480921923,-0.03356224971707882,0.010121289765759857,-0.0051383749903950214
2025-10-17,0.019868228519355602,0.02958793207012744,0.016194678802067874,0.008032263139539307,0.007722084491880042,0.03774035944308934,-0.016438819368749705,0.0003832956740822279,-0.0051029168819329935,-0.008273387344017304,-0.009658135328256606
2025-10-24,0.06351338470708567,0.06490290493159127,0.04322873156981382,0.08617764536698774,0.0265670351342195,0.0,0.03794494782239591,0.017666000654743517,0.00958392513676314,0.009188402794056697,0.030367212606277786
2025-10-31,-0.024923339705442565,0.018945087675153568,0.011472411510748905,0.0,-0.01890418679876148,-0.004640364684388005,-0.016086097101062204,-0.014031375986284653,0.008902106633443797,-0.015361285521554514,-0.0033620656140615425
2025-11-07,-0.025560528388792948,-0.03547442970626831,-0.011472411510748863,0.00913251186499143,-0.011516436776305263,0.0,-0.010869666789786611,0.007798425943700746,0.008237798959307721,0.0021648283328860153,-0.0050451343488669
2025-11-14,0.006451643285294837,0.01104986305333406,-0.015504179770478492,-0.0025892371481401693,-0.019493764200938787,-0.009345907662980176,0.005449635437202663,-0.006271970144231949,0.015120928337844846,-0.0006180611619893504,-0.026166189439975944
2025-11-21,0.01910888510349804,0.0244245666529342,0.0,0.018349156498576394,0.027186085467008184,0.004683909568274661,0.04255952811479739,-0.014982983712241785,-0.03136708426373701,0.0027782131348587365,-0.011776671100039406
2025-11-28,-0.003159564129553808,0.0,0.0038986230600590826,0.0,-0.003838732825222194,-0.009389785666385134,0.005194846404814148,0.0316217008289202,0.041417292426889754,-0.007115251994541249,0.0018238435564815764
2025-12-05,0.04939271745038456,0.023842202918499752,0.015444315953894115,0.044451804433463325,0.0265670351342195,0.0047058760981104715,0.02557686077103042,0.006541449355071644,0.0031379831524990715,-0.005916213054659884,0.01349978880002061
2025-12-12,-0.018237610646118476,0.005221956425973134,0.01897593898629571,-0.008733688047507472,0.0037382797354701884,0.0,-0.015267432965296318,0.02338321037461162,0.028360711274823702,-0.01225471108002055,-0.015562858052779549
2025-12-19,0.03318559070070044,0.018064924894426886,0.0,0.0,0.014815099203264279,0.032335425887678855,0.035268089835667246,-0.002003864499057937,0.03233354825258342,-0.007298130019237099,-0.0015241928210417135
2025-12-26,0.0029629687882967983,-0.007702197370420581,0.011215080709611473,-0.00881063790389468,0.01459881245034479,0.004535140629750291,0.0,0.017611928079924503,0.016449080242881275,-0.011531155955390941,0.005622334084194695
2026-01-02,0.0029542155334922027,0.0025740521587547848,0.011090696365479399,0.0,0.00722028366784867,0.0,0.0,-0.012483179124711207,0.0037373162046622503,0.014710821021487767,0.00033351114118586106
2026-01-09,0.014641567856153526,-0.015544391852561266,-0.022305777075090898,0.008810637903894756,0.0035905689248908164,-0.009090942497224606,0.009852291669513527,0.014458975256895754,-0.012602304759607667,-0.0025429105759153816,-0.004439634069092136
2026-01-16,-0.01169605401172457,0.012970339693806461,0.007490638340449255,0.008733688047507546,0.0,0.01809998375940137,0.009756170264556115,-0.02341946945940974,0.011802641258618993,-0.0009552838459500998,0.017006454298771137
2026-01-23,-0.07637297429602508,-0.0208340524119426,0.03663420484572284,0.0,-0.01444063868519606,-0.009009041262176746,-0.03457129638082147,-0.025487337213910492,0.0,-0.010246637826966734,0.029956053808074236
2026-01-30,0.003169578624840085,-0.010582134883532632,0.03533932145022654,-0.01754432595140219,-0.014652290130441946,0.017937715222308415,0.014962834446751793,0.006947714596489192,0.019018127078798117,0.0051364430544133775,0.008507580017964565
2026-02-06,-0.006349235430389678,0.002656093731047759,0.006920412035131884,0.008810637903894756,0.011009280678370158,-0.013423049272471056,-0.020000656870370927,0.015227794822460552,-0.0002618089905518006,0.01903008225991332,0.021190296359028884
2026-02-13,0.04056713567345034,0.03646229093484798,-0.00692041203513195,0.05959208361781989,0.02877899071176055,0.008968713264057966,0.020000656870370996,-0.04929705208180045,-0.042775710553142485,-0.023844715852395462,0.05489057315960204
2026-02-20,0.07933674888105349,0.04744967393410608,0.027398962114144127,0.10948420989910203,0.04845239822878647,0.02643324272718856,0.12981160570039837,0.01613249094220261,0.0351571131644685,0.002570693060945553,0.033884955872251016
2026-02-27,0.002820879911907773,-0.019705118546855468,0.049433501531110854,0.014706102017835341,0.0033727011679563477,-0.00435729134111016,0.025752431777857184,-0.020401045702313266,-0.005553354327134004,-0.002570693060945512,0.03228374349593951
2026-03-06,-0.060976780011048344,-0.06686294005314651,-0.06991205161012297,-0.014706102017835326,-0.030771699833736406,-0.022075951386078246,-0.07020411659916749,-0.01686315155029299,-0.07801163607476136,0.021328202294014144,-0.08027776187566832
2026-03-13,0.0029895425719082057,0.005305065073791589,-0.013889050110883143,0.014706102017835341,0.0,0.008888918862222966,0.026907383685006055,-0.03378566353228713,-0.035306470032255344,0.012519772806167798,-0.0007234899822259381
2026-03-20,-0.008995574146497116,0.0026419728283515053,0.006968638075751095,0.007272825691888475,0.010362838388174153,0.004415004120294716,-0.008888888161339691,0.0038787712801355,-0.016771727395572627,0.010827591190823306,0.01663457577031057
2026-03-27,0.008995574146497176,0.00788446544335276,0.047466543155968814,0.014388750946280627,0.0,-0.008849586974104377,0.017699459627162215,-0.021089596037453813,0.0045200276419257055,0.014054587928657016,0.009763871405989104
2026-04-03,-0.012012171477164454,-0.0026212825312301098,0.03257613015319029,0.007117416591464029,-0.006896613175684624,0.01324518448190604,0.01739173527439517,0.03534367059247381,0.05867730652814263,-0.010982435697789252,0.004791344065574028
2026-04-10,0.0030165973306673097,0.007843238957203139,0.02531779767497648,-0.00030293355139819324,0.006896613175684664,0.008733722236869216,0.025533446285901023,0.0247271160213096,0.05730009009909016,-0.017015082004543818,0.035696341012384204
2026-04-17,-0.009077229593982921,-0.015748394697677415,-0.01574833782227142,-0.05448818528406968,-0.0034423611904630825,-0.013129319744670897,-0.06959336160468739,0.03217331442935071,0.03988989483775662,-0.0003120087873462019,-0.01631862855299823
2026-04-24,0.011783474832916002,0.07123501204854268,0.04044094060622253,0.031498667059371016,-0.04691306777071285,0.0,0.00896872041722893,-0.019451786177107563,-0.037216012170572646,0.013639350425098515,-0.01793447960274035
2026-05-01,0.024923408452456934,0.020834086902842053,0.015306480121195506,0.02298951822469878,0.01151644206155908,0.015415035025526975,0.039716328837080636,0.009676870901020448,0.004794899020095801,0.0006155881359238228,0.025487917331445935
2026-05-08,0.003072199036970059,0.005141399500418652,0.04335044087361382,-0.007604599385219304,0.0076045993852192125,0.022574322038538975,0.0,-0.013183527343490865,0.011099455330745323,-0.007722046093910278,0.004455540250070612
2026-05-15,0.012195273093818206,0.007662872745569097,-0.009132483563272474,0.044783602626973444,0.007547205635382904,0.008888947417245994,0.01754429313865675,-0.0027360424364820187,-0.026632734238107678,0.004856451747068526,0.01165563863791153
2026-05-22,0.02099027589183583,0.002541297428672548,-0.012307847674596814,0.014493007302566824,0.014925650216675792,0.0,0.008658054700508674,0.016304712445637505,0.02951950492749969,0.0050171149294492975,0.013557727286339973
2026-05-29,0.026355844705362456,0.020101179321087303,0.08597885237544048,0.0,-0.0037105793965356015,0.0,-0.017391726485559075,-0.006955143842138138,0.009130081324664087,-0.000921479991963984,0.019118424892529053
2026-06-05,0.008633147144702875,0.0,0.022472855852058576,0.014285957247476434,0.04719569133627453,0.008810629682154906,0.017391726485559075,0.01386232053061121,-0.030585089032081115,0.0025474648320765437,0.009032188400132745
2026-06-12,-0.011527505171067383,0.009901070982711537,-0.019635974516858962,0.0,-0.0071174677688639896,0.0043763745997987815,0.017094417683034057,0.01969016513140902,0.039375170109564185,0.0025104326417581617,0.006179564651217666
2026-06-19,0.01438873745209967,0.01951281422358172,0.04973400567413838,0.021053409197832263,0.007117467768863955,0.017316450011460958,0.008438961181205244,0.004302682581568915,0.026609687079789703,0.00201594776683985,-0.012581903825162062
2026-06-26,0.028170876966696224,0.01438873745209967,0.010723963362975642,0.006920442844573757,0.01757514482150749,-0.0043010818993905854,0.008368241322527748,0.0035423766591172385,0.012572370185401407,0.004536345020512353,0.0010360322161053813
